,vertexVector_x,vertexVector_y,vertexVector_z,normalVector_x,normalVector_y,normalVector_z,sitMode
0,73.58265,84.68,0.0,0,0,1,0
1,85.0,72.0299,36.0,0,0,1,1
2,70.33648,84.68,405.0,0,0,1,0
3,85.0,69.94309,441.0,0,0,1,1
4,71.00354,84.68,1010.0,0,0,1,0
5,85.0,71.65713,1045.0,0,0,1,1
6,71.31734,84.68,1415.0,0,0,1,0
7,85.0,71.32986,1451.0,0,0,1,1
